4-base,level
CGTC,16.8
TGTC,17.6
CGTT,17.7
GGTC,17.8
TGTT,18.8
GGTT,20.3
GTTC,21.2
TGTG,21.7
CGTG,21.8
CTTC,22.1
GTTT,22.2
TTTC,22.2
TTTT,22.2
GTGG,22.9
CTTT,24
AGTC,24.3
GTGC,24.4
CTGT,24.5
GGTG,25.5
TTTG,25.9
ATTC,26.4
GTGT,26.9
CGTA,27
TGGT,27.1
TGTA,27.1
AGTT,27.3
TTGC,27.3
CTTG,27.4
GTCC,27.4
CTGC,27.5
GTTG,27.5
GGTA,28
GTCT,28.5
TTCC,28.7
TTGT,28.8
TTTA,29.2
GTTA,29.5
GGGG,30.2
GTCG,30.6
ATGC,30.7
GGGT,30.7
CTTA,31.2
GGGC,31.3
ATTG,31.4
CATT,31.4
AGTA,31.5
ATTA,31.6
CGGT,31.6
GCTT,31.6
TGGC,32.1
TTGG,32.1
TCTT,32.4
TTCT,32.4
CCTT,32.8
TCTG,32.8
ATGT,33
TTGA,33.1
TTCG,33.2
CGGC,33.5
GTGA,33.5
GCTC,33.7
TGGG,33.7
GATC,33.9
CCTG,34.1
CTGG,34.1
CTGA,34.3
AGTG,34.6
TCTC,34.6
TATT,35
AATC,35.2
ATCC,35.3
CATC,35.3
TGCC,35.4
GATT,35.6
TTAC,35.6
CTCG,35.7
GTCA,35.7
ATGG,36
GCTG,36
TTCA,36
ACTT,36.1
TATC,36.1
CGGG,36.2
ATGA,36.4
AATT,36.7
GCTA,36.8
CAGC,37
CTAT,37
ATCA,37.2
GCGT,37.2
TGCT,37.3
ACTC,37.4
AGGT,37.4
ATCT,37.4
CAGT,37.4
GTAT,37.4
CTCC,37.5
CCCT,37.8
CCTC,37.8
GGCT,37.9
TATG,37.9
TCGT,37.9
CCGT,38
GTAG,38
AGGC,38.3
GTAC,38.5
TGAC,38.5
CTCT,38.6
GCGC,38.6
TCCC,38.6
GACC,38.7
GCAC,38.7
TGGA,38.7
CATG,38.9
GCAT,38.9
AACC,39.3
TCCG,39.3
AATG,39.4
GATG,39.4
AACT,39.7
ACGC,39.7
CACG,39.7
GACT,39.7
TCAC,39.7
ATCG,39.8
GGCC,40
TCGG,40
ACTG,40.1
TTAA,40.1
AATA,40.2
CGCC,40.2
GTAA,40.3
CTAC,40.4
TCGC,40.4
CACC,40.6
TGCG,40.6
TTAT,40.6
ACCC,40.7
CCGC,40.7
CGCT,40.7
CGGA,40.7
TATA,40.7
GATA,41
CACT,41.1
TCCT,41.2
GCCT,41.3
TAGC,41.3
AAGC,41.5
ACCT,41.5
GCCC,41.5
AACG,41.6
AGCC,41.8
AGGG,41.8
GGAC,41.8
GGGA,41.8
TAGT,41.8
TTAG,41.8
ACTA,41.9
ATAG,42
AAAC,42.1
TCTA,42.1
GACG,42.2
ACGT,42.3
GGCG,42.3
TACG,42.3
CGAC,42.4
TGAG,42.4
ATAC,42.5
TAAC,42.5
TACC,42.5
CCCC,42.6
ACCA,42.7
CCAC,42.7
ATAT,42.8
CATA,42.8
TGCA,42.8
CAGG,42.9
CCCG,43
CGCG,43.1
CAAT,43.2
CCGG,43.2
GCCG,43.2
TACT,43.2
CCAT,43.3
GAGC,43.3
TGAT,43.3
ACAC,43.4
GAGG,43.4
CAAC,43.5
CCAG,43.7
GGCA,43.7
TCAA,43.7
TCCA,43.7
CCTA,43.9
AGCT,44
TAGG,44
CTCA,44.1
GGAT,44.1
AAGT,44.4
CGAT,44.4
GCCA,44.4
TACA,44.4
ACGG,44.5
ATAA,44.6
GAAC,44.6
TAAA,44.6
ACAG,44.7
CTAG,44.8
AGAC,45
AAGG,45.2
ACAT,45.2
CCAA,45.3
GAGT,45.4
GCGG,45.6
TGAA,45.6
AAAA,45.8
GACA,45.8
TAGA,45.8
ACCG,46.3
CCCA,46.3
CCGA,46.3
TCAG,46.3
AAAT,46.4
AACA,46.4
ACAA,46.4
CAAA,46.4
CGAG,46.4
TCGA,46.4
ACGA,46.6
GGAG,46.7
CACA,47.1
GCGA,47.2
CTAA,47.3
GAGA,47.4
AAAG,47.5
AAGA,47.5
CAAG,47.5
TAAG,47.6
AGAT,47.7
CAGA,47.7
CGCA,47.8
AGGA,47.9
GCAG,48
TCAT,48.1
GAAT,48.6
GAAG,48.7
AGCA,49.1
GCAA,49.1
TAAT,50.5
CGAA,51.3
AGCG,51.7
GGAA,51.8
AGAG,54.1
AGAA,56.3
GAAA,56.3